,name,category,brand,price,stock,rating
0,iPhone 13,Smartphone,Apple,599,25,4.6
1,iPhone 13 Pro,Smartphone,Apple,699,15,4.7
2,iPhone 13 Pro Max,Smartphone,Apple,799,12,4.8
3,iPhone 14,Smartphone,Apple,699,30,4.6
4,iPhone 14 Plus,Smartphone,Apple,799,22,4.6
5,iPhone 14 Pro,Smartphone,Apple,899,16,4.8
6,iPhone 14 Pro Max,Smartphone,Apple,999,10,4.9
7,iPhone 15,Smartphone,Apple,799,35,4.7
8,iPhone 15 Plus,Smartphone,Apple,899,24,4.7
9,iPhone 15 Pro,Smartphone,Apple,999,18,4.8
10,iPhone 15 Pro Max,Smartphone,Apple,1199,12,4.9
11,iPhone 16,Smartphone,Apple,899,30,4.8
12,iPhone 16 Plus,Smartphone,Apple,999,20,4.7
13,iPhone 16 Pro,Smartphone,Apple,1099,15,4.9
14,iPhone 16 Pro Max,Smartphone,Apple,1299,9,4.9
15,iPhone 16e,Smartphone,Apple,699,28,4.6
16,iPhone 17,Smartphone,Apple,899,20,4.8
17,iPhone 17 Air,Smartphone,Apple,999,14,4.7
18,iPhone 17 Pro,Smartphone,Apple,1199,10,4.9
19,iPhone 17 Pro Max,Smartphone,Apple,1399,7,4.9
20,Galaxy A15,Smartphone,Samsung,199,40,4.2
21,Galaxy A25,Smartphone,Samsung,299,35,4.3
22,Galaxy A35,Smartphone,Samsung,399,30,4.4
23,Galaxy A55,Smartphone,Samsung,449,25,4.5
24,Galaxy S22,Smartphone,Samsung,699,25,4.5
25,Galaxy S22 Plus,Smartphone,Samsung,799,18,4.6
26,Galaxy S22 Ultra,Smartphone,Samsung,999,12,4.8
27,Galaxy S23,Smartphone,Samsung,699,30,4.6
28,Galaxy S23 Plus,Smartphone,Samsung,799,20,4.7
29,Galaxy S23 Ultra,Smartphone,Samsung,999,15,4.9
30,Galaxy S24,Smartphone,Samsung,749,35,4.6
31,Galaxy S24 Plus,Smartphone,Samsung,849,22,4.7
32,Galaxy S24 Ultra,Smartphone,Samsung,1299,14,4.9
33,Galaxy S24 FE,Smartphone,Samsung,649,25,4.5
34,Galaxy S25,Smartphone,Samsung,799,30,4.7
35,Galaxy S25 Plus,Smartphone,Samsung,999,18,4.8
36,Galaxy S25 Ultra,Smartphone,Samsung,1299,12,4.9
37,Galaxy Z Flip 5,Smartphone,Samsung,999,12,4.6
38,Galaxy Z Fold 5,Smartphone,Samsung,1799,6,4.7
39,Galaxy Z Flip 6,Smartphone,Samsung,1099,15,4.7
40,Galaxy Z Fold 6,Smartphone,Samsung,1899,7,4.8
41,Pixel 6,Smartphone,Google,499,20,4.4
42,Pixel 6 Pro,Smartphone,Google,699,15,4.5
43,Pixel 7,Smartphone,Google,499,25,4.6
44,Pixel 7 Pro,Smartphone,Google,699,18,4.7
45,Pixel 7a,Smartphone,Google,399,30,4.5
46,Pixel 8,Smartphone,Google,599,28,4.7
47,Pixel 8 Pro,Smartphone,Google,899,15,4.8
48,Pixel 8a,Smartphone,Google,499,25,4.6
49,Pixel 9,Smartphone,Google,799,22,4.7
50,Pixel 9 Pro,Smartphone,Google,999,14,4.8
51,Pixel 9 Pro XL,Smartphone,Google,1099,10,4.9
52,Pixel 9a,Smartphone,Google,499,30,4.6
53,Pixel Fold,Smartphone,Google,1799,5,4.5
54,Xiaomi 12,Smartphone,Xiaomi,499,25,4.4
55,Xiaomi 12 Pro,Smartphone,Xiaomi,699,18,4.5
56,Xiaomi 13,Smartphone,Xiaomi,599,30,4.6
57,Xiaomi 13 Pro,Smartphone,Xiaomi,799,20,4.7
58,Xiaomi 13 Ultra,Smartphone,Xiaomi,999,10,4.8
59,Xiaomi 14,Smartphone,Xiaomi,699,30,4.7
60,Xiaomi 14 Pro,Smartphone,Xiaomi,899,18,4.8
61,Xiaomi 14 Ultra,Smartphone,Xiaomi,1099,10,4.9
62,Xiaomi 14T,Smartphone,Xiaomi,549,25,4.6
63,Xiaomi 14T Pro,Smartphone,Xiaomi,749,18,4.7
64,Xiaomi 15,Smartphone,Xiaomi,699,30,4.7
65,Xiaomi 15 Pro,Smartphone,Xiaomi,899,20,4.8
66,Xiaomi 15 Ultra,Smartphone,Xiaomi,1199,12,4.9
67,Redmi Note 12,Smartphone,Redmi,249,40,4.3
68,Redmi Note 12 Pro,Smartphone,Redmi,349,35,4.4
69,Redmi Note 13,Smartphone,Redmi,249,45,4.4
70,Redmi Note 13 Pro,Smartphone,Redmi,349,35,4.5
71,Redmi Note 13 Pro Plus,Smartphone,Redmi,449,25,4.6
72,Redmi Note 14,Smartphone,Redmi,279,40,4.4
73,Redmi Note 14 Pro,Smartphone,Redmi,399,30,4.5
74,Redmi Note 14 Pro Plus,Smartphone,Redmi,499,20,4.6
75,OnePlus 10 Pro,Smartphone,OnePlus,699,15,4.5
76,OnePlus 11,Smartphone,OnePlus,699,25,4.6
77,OnePlus 11 Pro,Smartphone,OnePlus,799,15,4.7
78,OnePlus 12,Smartphone,OnePlus,799,25,4.8
79,OnePlus 12R,Smartphone,OnePlus,499,35,4.6
80,OnePlus 13,Smartphone,OnePlus,899,20,4.8
81,OnePlus 13R,Smartphone,OnePlus,599,30,4.7
82,OnePlus Open,Smartphone,OnePlus,1699,7,4.6
83,OPPO Find X5 Pro,Smartphone,OPPO,799,12,4.5
84,OPPO Find X6 Pro,Smartphone,OPPO,899,15,4.7
85,OPPO Find X7 Ultra,Smartphone,OPPO,1099,10,4.8
86,OPPO Reno 8,Smartphone,OPPO,399,30,4.3
87,OPPO Reno 10,Smartphone,OPPO,449,28,4.4
88,OPPO Reno 11,Smartphone,OPPO,499,25,4.5
89,OPPO Reno 12,Smartphone,OPPO,549,22,4.6
90,OPPO Reno 13,Smartphone,OPPO,599,20,4.7
91,vivo X80 Pro,Smartphone,vivo,799,12,4.5
92,vivo X90 Pro,Smartphone,vivo,899,15,4.7
93,vivo X100 Pro,Smartphone,vivo,999,12,4.8
94,vivo X200 Pro,Smartphone,vivo,1099,10,4.9
95,vivo V27,Smartphone,vivo,399,30,4.4
96,vivo V29,Smartphone,vivo,449,28,4.5
97,vivo V30,Smartphone,vivo,499,25,4.6
98,vivo V40,Smartphone,vivo,549,25,4.6
99,Huawei P50 Pro,Smartphone,Huawei,699,15,4.4
100,Huawei P60 Pro,Smartphone,Huawei,899,12,4.6
101,Huawei Pura 70,Smartphone,Huawei,799,18,4.7
102,Huawei Pura 70 Pro,Smartphone,Huawei,999,10,4.8
103,Huawei Mate 50 Pro,Smartphone,Huawei,899,10,4.5
104,Huawei Mate 60 Pro,Smartphone,Huawei,999,12,4.7
105,Huawei Mate X3,Smartphone,Huawei,1799,5,4.5
106,Motorola Edge 30,Smartphone,Motorola,399,25,4.3
107,Motorola Edge 40,Smartphone,Motorola,449,28,4.4
108,Motorola Edge 50 Pro,Smartphone,Motorola,599,20,4.6
109,Motorola Edge 50 Ultra,Smartphone,Motorola,799,15,4.7
110,Motorola Razr 40,Smartphone,Motorola,699,12,4.5
111,Motorola Razr 50,Smartphone,Motorola,799,15,4.6
112,Moto G84,Smartphone,Motorola,299,35,4.3
113,Moto G85,Smartphone,Motorola,349,30,4.4
114,Sony Xperia 1 IV,Smartphone,Sony,999,8,4.4
115,Sony Xperia 1 V,Smartphone,Sony,1199,7,4.6
116,Sony Xperia 1 VI,Smartphone,Sony,1299,6,4.7
117,Sony Xperia 5 V,Smartphone,Sony,999,8,4.5
118,Sony Xperia 10 V,Smartphone,Sony,399,20,4.2
119,Sony Xperia 10 VI,Smartphone,Sony,449,18,4.3
120,Nothing Phone 1,Smartphone,Nothing,399,25,4.4
121,Nothing Phone 2,Smartphone,Nothing,599,20,4.6
122,Nothing Phone 2a,Smartphone,Nothing,349,30,4.5
123,Nothing Phone 3,Smartphone,Nothing,699,15,4.7
124,Realme GT 2 Pro,Smartphone,Realme,499,20,4.4
125,Realme GT 3,Smartphone,Realme,599,18,4.5
126,Realme GT 5 Pro,Smartphone,Realme,699,20,4.7
127,Realme GT 6,Smartphone,Realme,649,22,4.7
128,Realme GT 7,Smartphone,Realme,699,20,4.8
129,Realme 11 Pro,Smartphone,Realme,349,30,4.4
130,Realme 12 Pro,Smartphone,Realme,399,28,4.5
131,Realme 13 Pro,Smartphone,Realme,449,25,4.6
132,Honor Magic 5 Pro,Smartphone,Honor,799,15,4.6
133,Honor Magic 6 Pro,Smartphone,Honor,999,12,4.8
134,Honor Magic 7 Pro,Smartphone,Honor,1099,10,4.9
135,Honor 90,Smartphone,Honor,399,25,4.4
136,Honor 200,Smartphone,Honor,499,25,4.6
137,Honor 400,Smartphone,Honor,549,20,4.7
138,ASUS ROG Phone 6,Smartphone,ASUS,899,10,4.5
139,ASUS ROG Phone 7,Smartphone,ASUS,999,8,4.7
140,ASUS ROG Phone 8,Smartphone,ASUS,1099,10,4.8
141,ASUS ROG Phone 9,Smartphone,ASUS,1199,8,4.9
142,ASUS Zenfone 9,Smartphone,ASUS,699,12,4.5
143,ASUS Zenfone 10,Smartphone,ASUS,799,10,4.6
144,ASUS Zenfone 11,Smartphone,ASUS,899,10,4.7
145,Tecno Phantom X2,Smartphone,Tecno,499,20,4.3
146,Tecno Phantom V Fold,Smartphone,Tecno,899,8,4.4
147,Tecno Phantom V Flip,Smartphone,Tecno,699,10,4.4
148,Tecno Camon 20 Pro,Smartphone,Tecno,299,35,4.3
149,Tecno Camon 30 Pro,Smartphone,Tecno,349,30,4.5
150,Infinix Zero Ultra,Smartphone,Infinix,399,25,4.3
151,Infinix Note 30 Pro,Smartphone,Infinix,249,40,4.2
152,Infinix Note 40 Pro,Smartphone,Infinix,299,35,4.4
153,Infinix GT 20 Pro,Smartphone,Infinix,349,30,4.5
154,ZTE Axon 40 Ultra,Smartphone,ZTE,599,15,4.3
155,ZTE Axon 50 Ultra,Smartphone,ZTE,699,12,4.5
156,ZTE Axon 60 Ultra,Smartphone,ZTE,799,10,4.6
157,MacBook Air M1,Laptop,Apple,799,15,4.7
158,MacBook Air M2,Laptop,Apple,999,12,4.8
159,MacBook Air M3,Laptop,Apple,1099,10,4.9
160,MacBook Pro M3,Laptop,Apple,1599,8,4.9
161,MacBook Pro M4,Laptop,Apple,1999,6,4.9
162,Dell Inspiron 15,Laptop,Dell,699,20,4.3
163,Dell Inspiron 16,Laptop,Dell,799,15,4.4
164,Dell XPS 13,Laptop,Dell,999,12,4.6
165,Dell XPS 15,Laptop,Dell,1499,8,4.7
166,Dell XPS 17,Laptop,Dell,1799,6,4.8
167,HP Pavilion 15,Laptop,HP,649,20,4.2
168,HP Pavilion 16,Laptop,HP,749,18,4.3
169,HP Envy 13,Laptop,HP,899,12,4.5
170,HP Envy 16,Laptop,HP,1199,10,4.6
171,HP Spectre x360,Laptop,HP,1399,7,4.7
172,Lenovo IdeaPad 3,Laptop,Lenovo,499,25,4.2
173,Lenovo IdeaPad 5,Laptop,Lenovo,649,20,4.4
174,Lenovo ThinkPad E14,Laptop,Lenovo,799,15,4.5
175,Lenovo ThinkPad T14,Laptop,Lenovo,1199,10,4.7
176,Lenovo Legion 5,Laptop,Lenovo,1299,12,4.7
177,Lenovo Legion 7,Laptop,Lenovo,1799,7,4.8
178,ASUS VivoBook 15,Laptop,ASUS,599,20,4.3
179,ASUS VivoBook 16,Laptop,ASUS,699,18,4.4
180,ASUS ZenBook 14,Laptop,ASUS,999,12,4.6
181,ASUS ROG Strix G16,Laptop,ASUS,1499,8,4.8
182,ASUS TUF Gaming F15,Laptop,ASUS,999,15,4.6
183,Acer Aspire 5,Laptop,Acer,499,25,4.2
184,Acer Aspire 7,Laptop,Acer,699,20,4.4
185,Acer Swift 3,Laptop,Acer,749,18,4.5
186,Acer Nitro 5,Laptop,Acer,899,15,4.6
187,Acer Nitro V,Laptop,Acer,999,12,4.7
188,Acer Predator Helios,Laptop,Acer,1599,7,4.8
189,iPad 10,Tablet,Apple,449,20,4.6
190,iPad Air,Tablet,Apple,599,18,4.7
191,iPad Air M2,Tablet,Apple,699,15,4.8
192,iPad Pro 11,Tablet,Apple,999,10,4.9
193,iPad Pro 13,Tablet,Apple,1299,7,4.9
194,Galaxy Tab A9,Tablet,Samsung,199,30,4.3
195,Galaxy Tab S8,Tablet,Samsung,599,15,4.6
196,Galaxy Tab S9,Tablet,Samsung,699,12,4.7
197,Galaxy Tab S9 Plus,Tablet,Samsung,899,10,4.8
198,Galaxy Tab S9 Ultra,Tablet,Samsung,1199,7,4.9
199,Xiaomi Pad 6,Tablet,Xiaomi,399,20,4.6
200,Xiaomi Pad 6 Pro,Tablet,Xiaomi,499,15,4.7
201,Xiaomi Pad 7,Tablet,Xiaomi,549,18,4.8
202,Lenovo Tab M10,Tablet,Lenovo,199,25,4.2
203,Lenovo Tab M11,Tablet,Lenovo,249,22,4.3
204,Lenovo Tab P11,Tablet,Lenovo,349,18,4.5
205,Lenovo Tab P12,Tablet,Lenovo,449,15,4.6
206,Apple Watch SE,Smartwatch,Apple,249,20,4.5
207,Apple Watch Series 9,Smartwatch,Apple,399,18,4.7
208,Apple Watch Series 10,Smartwatch,Apple,449,15,4.8
209,Apple Watch Ultra 2,Smartwatch,Apple,799,8,4.9
210,Galaxy Watch 6,Smartwatch,Samsung,299,20,4.5
211,Galaxy Watch 7,Smartwatch,Samsung,349,18,4.7
212,Galaxy Watch Ultra,Smartwatch,Samsung,649,10,4.8
213,Pixel Watch 2,Smartwatch,Google,299,15,4.5
214,Pixel Watch 3,Smartwatch,Google,349,12,4.7
215,Huawei Watch GT 4,Smartwatch,Huawei,249,18,4.5
216,Huawei Watch GT 5,Smartwatch,Huawei,299,15,4.6
217,Sony WH-1000XM4,Headphones,Sony,249,20,4.7
218,Sony WH-1000XM5,Headphones,Sony,349,15,4.8
219,Sony WH-1000XM6,Headphones,Sony,399,12,4.9
220,AirPods Max,Headphones,Apple,549,10,4.8
221,Bose QuietComfort,Headphones,Bose,299,18,4.6
222,Bose QuietComfort Ultra,Headphones,Bose,429,12,4.8
223,JBL Tune 760NC,Headphones,JBL,99,30,4.3
224,JBL Live 660NC,Headphones,JBL,149,25,4.4
225,JBL Tour One,Headphones,JBL,299,15,4.6
226,AirPods 3,Earbuds,Apple,169,30,4.6
227,AirPods 4,Earbuds,Apple,179,28,4.7
228,AirPods Pro 2,Earbuds,Apple,249,25,4.8
229,Galaxy Buds 2,Earbuds,Samsung,99,30,4.4
230,Galaxy Buds 2 Pro,Earbuds,Samsung,149,25,4.6
231,Galaxy Buds 3,Earbuds,Samsung,179,22,4.7
232,Galaxy Buds 3 Pro,Earbuds,Samsung,249,18,4.8
233,Sony WF-1000XM4,Earbuds,Sony,199,15,4.7
234,Sony WF-1000XM5,Earbuds,Sony,299,12,4.8
235,Pixel Buds Pro,Earbuds,Google,199,15,4.6
236,Pixel Buds Pro 2,Earbuds,Google,229,12,4.7
237,MagSafe Charger,Accessories,Apple,39,50,4.5
238,Apple Pencil,Accessories,Apple,99,35,4.6
239,Apple Pencil Pro,Accessories,Apple,129,25,4.8
240,Samsung 45W Charger,Accessories,Samsung,49,40,4.5
241,Samsung Wireless Charger,Accessories,Samsung,59,35,4.4
242,Logitech MX Master 3S,Accessories,Logitech,99,25,4.8
243,Logitech MX Anywhere 3,Accessories,Logitech,79,30,4.6
244,Logitech K380 Keyboard,Accessories,Logitech,49,40,4.5
245,Anker PowerCore 20K,Accessories,Anker,49,40,4.7
246,Anker 65W Charger,Accessories,Anker,59,35,4.8
247,Anker USB-C Hub,Accessories,Anker,39,30,4.6
248,iPhone 12,Smartphone,Apple,499,18,4.5
249,iPhone 12 Pro,Smartphone,Apple,599,14,4.6
250,iPhone 12 Pro Max,Smartphone,Apple,699,10,4.7
251,iPhone SE 2022,Smartphone,Apple,429,22,4.4
252,iPhone 11,Smartphone,Apple,399,20,4.4
253,Galaxy A05,Smartphone,Samsung,129,45,4.1
254,Galaxy A05s,Smartphone,Samsung,149,40,4.2
255,Galaxy A14,Smartphone,Samsung,179,35,4.2
256,Galaxy A24,Smartphone,Samsung,249,32,4.3
257,Galaxy A34,Smartphone,Samsung,349,28,4.4
258,Galaxy A54,Smartphone,Samsung,399,25,4.5
259,Galaxy S21,Smartphone,Samsung,499,18,4.4
260,Galaxy S21 Plus,Smartphone,Samsung,599,15,4.5
261,Galaxy S21 Ultra,Smartphone,Samsung,699,10,4.7
262,Galaxy S20 FE,Smartphone,Samsung,399,20,4.4
263,Galaxy Z Flip 4,Smartphone,Samsung,899,12,4.5
264,Galaxy Z Fold 4,Smartphone,Samsung,1499,7,4.6
265,Pixel 5,Smartphone,Google,399,15,4.3
266,Pixel 5a,Smartphone,Google,349,18,4.2
267,Pixel 6a,Smartphone,Google,399,25,4.5
268,Pixel 7a,Smartphone,Google,449,22,4.6
269,Pixel 8a,Smartphone,Google,499,20,4.7
270,Xiaomi 11T,Smartphone,Xiaomi,399,25,4.3
271,Xiaomi 11T Pro,Smartphone,Xiaomi,499,20,4.4
272,Xiaomi 12T,Smartphone,Xiaomi,499,22,4.5
273,Xiaomi 12T Pro,Smartphone,Xiaomi,599,18,4.6
274,Xiaomi 13T,Smartphone,Xiaomi,549,25,4.6
275,Xiaomi 13T Pro,Smartphone,Xiaomi,699,20,4.7
276,Xiaomi Poco F4,Smartphone,Xiaomi,349,30,4.4
277,Xiaomi Poco F5,Smartphone,Xiaomi,449,25,4.6
278,Xiaomi Poco F6,Smartphone,Xiaomi,499,28,4.7
279,Xiaomi Poco X5,Smartphone,Xiaomi,299,35,4.3
280,Xiaomi Poco X6,Smartphone,Xiaomi,349,30,4.5
281,Redmi Note 10,Smartphone,Redmi,199,40,4.2
282,Redmi Note 10 Pro,Smartphone,Redmi,249,35,4.4
283,Redmi Note 11,Smartphone,Redmi,219,40,4.2
284,Redmi Note 11 Pro,Smartphone,Redmi,299,32,4.4
285,Redmi Note 12S,Smartphone,Redmi,229,38,4.3
286,Redmi Note 13 5G,Smartphone,Redmi,299,35,4.5
287,Redmi Note 13 Pro 5G,Smartphone,Redmi,399,28,4.6
288,Redmi Note 14 5G,Smartphone,Redmi,329,30,4.5
289,OnePlus 8T,Smartphone,OnePlus,399,15,4.3
290,OnePlus 9,Smartphone,OnePlus,449,18,4.4
291,OnePlus 9 Pro,Smartphone,OnePlus,549,12,4.5
292,OnePlus 10T,Smartphone,OnePlus,499,20,4.5
293,OnePlus Nord 2,Smartphone,OnePlus,299,30,4.3
294,OnePlus Nord 3,Smartphone,OnePlus,399,28,4.5
295,OnePlus Nord 4,Smartphone,OnePlus,449,25,4.6
296,OPPO Find X3 Pro,Smartphone,OPPO,699,10,4.5
297,OPPO Find X5,Smartphone,OPPO,599,15,4.4
298,OPPO Find X6,Smartphone,OPPO,699,12,4.6
299,OPPO Find X7,Smartphone,OPPO,799,10,4.7
300,OPPO Reno 7,Smartphone,OPPO,349,25,4.3
301,OPPO Reno 8 Pro,Smartphone,OPPO,499,20,4.5
302,OPPO Reno 9 Pro,Smartphone,OPPO,549,18,4.5
303,OPPO Reno 10 Pro,Smartphone,OPPO,599,15,4.6
304,OPPO Reno 12 Pro,Smartphone,OPPO,699,15,4.7
305,vivo X70 Pro,Smartphone,vivo,699,12,4.4
306,vivo X80,Smartphone,vivo,599,18,4.5
307,vivo X90,Smartphone,vivo,699,15,4.6
308,vivo X100,Smartphone,vivo,799,15,4.7
309,vivo X100 Ultra,Smartphone,vivo,1099,8,4.9
310,vivo X200,Smartphone,vivo,899,12,4.8
311,vivo V25,Smartphone,vivo,349,25,4.3
312,vivo V27 Pro,Smartphone,vivo,449,22,4.5
313,vivo V29 Pro,Smartphone,vivo,499,20,4.6
314,vivo V30 Pro,Smartphone,vivo,599,18,4.7
315,Huawei P40,Smartphone,Huawei,399,15,4.2
316,Huawei P40 Pro,Smartphone,Huawei,499,12,4.4
317,Huawei P50,Smartphone,Huawei,599,15,4.3
318,Huawei P50 Pro,Smartphone,Huawei,699,10,4.5
319,Huawei Mate 40 Pro,Smartphone,Huawei,699,10,4.4
320,Huawei Mate 50,Smartphone,Huawei,799,12,4.5
321,Huawei Nova 9,Smartphone,Huawei,349,20,4.2
322,Huawei Nova 10,Smartphone,Huawei,399,18,4.3
323,Huawei Nova 11,Smartphone,Huawei,449,20,4.5
324,Huawei Nova 12,Smartphone,Huawei,499,18,4.6
325,Honor 50,Smartphone,Honor,299,25,4.2
326,Honor 70,Smartphone,Honor,349,22,4.4
327,Honor 80,Smartphone,Honor,399,25,4.5
328,Honor 90,Smartphone,Honor,449,20,4.6
329,Honor 100,Smartphone,Honor,499,18,4.6
330,Honor 200 Pro,Smartphone,Honor,599,15,4.7
331,Honor Magic 4 Pro,Smartphone,Honor,699,10,4.5
332,Honor Magic 5,Smartphone,Honor,699,12,4.6
333,Honor Magic 6,Smartphone,Honor,799,12,4.7
334,Motorola Moto G50,Smartphone,Motorola,199,35,4.1
335,Motorola Moto G60,Smartphone,Motorola,249,30,4.2
336,Motorola Moto G73,Smartphone,Motorola,299,28,4.3
337,Motorola Moto G84,Smartphone,Motorola,349,30,4.4
338,Motorola Moto G85,Smartphone,Motorola,399,25,4.5
339,Motorola Edge 20,Smartphone,Motorola,399,18,4.3
340,Motorola Edge 30 Pro,Smartphone,Motorola,599,15,4.5
341,Motorola Edge 40 Pro,Smartphone,Motorola,699,12,4.6
342,Motorola Edge 50,Smartphone,Motorola,499,20,4.5
343,Motorola Edge 50 Neo,Smartphone,Motorola,549,18,4.6
344,Sony Xperia 5 III,Smartphone,Sony,699,8,4.2
345,Sony Xperia 5 IV,Smartphone,Sony,799,10,4.4
346,Sony Xperia 5 V,Smartphone,Sony,899,8,4.5
347,Sony Xperia 10 III,Smartphone,Sony,349,15,4.1
348,Sony Xperia 10 IV,Smartphone,Sony,399,18,4.2
349,Sony Xperia 10 V,Smartphone,Sony,449,15,4.3
350,Nothing Phone 1,Smartphone,Nothing,399,20,4.4
351,Nothing Phone 2,Smartphone,Nothing,599,18,4.6
352,Nothing Phone 2a,Smartphone,Nothing,349,25,4.5
353,Nothing Phone 2a Plus,Smartphone,Nothing,399,20,4.6
354,Realme 9 Pro,Smartphone,Realme,299,30,4.2
355,Realme 10 Pro,Smartphone,Realme,299,28,4.3
356,Realme 12 Pro,Smartphone,Realme,399,25,4.5
357,Realme GT Neo 3,Smartphone,Realme,399,20,4.4
358,Realme GT Neo 5,Smartphone,Realme,499,18,4.6
359,Realme GT 5 Pro,Smartphone,Realme,699,15,4.7
360,Infinix Hot 12,Smartphone,Infinix,149,40,4.0
361,Infinix Hot 20,Smartphone,Infinix,169,38,4.1
362,Infinix Hot 30,Smartphone,Infinix,179,40,4.2
363,Infinix Hot 40,Smartphone,Infinix,199,35,4.3
364,Infinix Note 12,Smartphone,Infinix,199,35,4.2
365,Infinix Note 30,Smartphone,Infinix,229,35,4.3
366,Infinix Note 40,Smartphone,Infinix,249,30,4.4
367,Infinix GT 10 Pro,Smartphone,Infinix,299,25,4.4
368,Infinix GT 20 Pro,Smartphone,Infinix,349,28,4.6
369,Tecno Spark 10,Smartphone,Tecno,149,40,4.0
370,Tecno Spark 20,Smartphone,Tecno,169,38,4.1
371,Tecno Spark 20 Pro,Smartphone,Tecno,199,35,4.2
372,Tecno Camon 19,Smartphone,Tecno,199,30,4.1
373,Tecno Camon 20,Smartphone,Tecno,229,32,4.3
374,Tecno Camon 30,Smartphone,Tecno,279,30,4.5
375,Tecno Camon 30 Pro,Smartphone,Tecno,349,25,4.6
376,ASUS ROG Phone 5,Smartphone,ASUS,699,10,4.4
377,ASUS ROG Phone 6,Smartphone,ASUS,799,12,4.5
378,ASUS ROG Phone 7,Smartphone,ASUS,899,10,4.7
379,ASUS ROG Phone 8,Smartphone,ASUS,1099,8,4.8
380,ASUS ROG Phone 9,Smartphone,ASUS,1199,7,4.9
381,ASUS Zenfone 8,Smartphone,ASUS,599,10,4.3
382,ZTE Axon 30,Smartphone,ZTE,399,15,4.2
383,ZTE Axon 40,Smartphone,ZTE,499,15,4.3
384,ZTE Axon 40 Ultra,Smartphone,ZTE,599,10,4.5
385,ZTE Axon 50 Ultra,Smartphone,ZTE,699,10,4.6
386,ZTE Axon 60 Ultra,Smartphone,ZTE,799,8,4.7
387,Galaxy Tab A7,Tablet,Samsung,179,25,4.2
388,Galaxy Tab A8,Tablet,Samsung,199,30,4.3
389,Galaxy Tab A9 Plus,Tablet,Samsung,249,25,4.4
390,Galaxy Tab S7,Tablet,Samsung,499,15,4.5
391,Galaxy Tab S8 Plus,Tablet,Samsung,799,12,4.6
392,Galaxy Tab S8 Ultra,Tablet,Samsung,999,8,4.8
393,Galaxy Tab S9 FE,Tablet,Samsung,449,20,4.5
394,Galaxy Tab S10 Plus,Tablet,Samsung,999,10,4.8
395,Galaxy Tab S10 Ultra,Tablet,Samsung,1199,7,4.9
396,iPad 9,Tablet,Apple,329,20,4.5
397,iPad 10,Tablet,Apple,449,25,4.6
398,iPad Air 4,Tablet,Apple,499,15,4.5
399,iPad Air 5,Tablet,Apple,599,18,4.7
400,iPad Mini 6,Tablet,Apple,499,12,4.6
401,iPad Pro 11 M2,Tablet,Apple,899,10,4.8
402,iPad Pro 12.9 M2,Tablet,Apple,1099,8,4.9
403,iPad Pro 11 M4,Tablet,Apple,999,10,4.9
404,iPad Pro 13 M4,Tablet,Apple,1299,7,4.9
405,Xiaomi Pad 5,Tablet,Xiaomi,299,20,4.4
406,Xiaomi Pad 6,Tablet,Xiaomi,399,25,4.6
407,Xiaomi Pad 6 Pro,Tablet,Xiaomi,499,18,4.7
408,Xiaomi Pad 7,Tablet,Xiaomi,549,20,4.8
409,Lenovo Tab M8,Tablet,Lenovo,129,30,4.1
410,Lenovo Tab M10,Tablet,Lenovo,179,28,4.2
411,Lenovo Tab M11,Tablet,Lenovo,249,25,4.4
412,Lenovo Tab P11,Tablet,Lenovo,349,20,4.5
413,Amazon Fire HD 10,Tablet,Amazon,149,35,4.3
414,Amazon Fire Max 11,Tablet,Amazon,229,25,4.4
415,Apple Watch Series 7,Smartwatch,Apple,299,12,4.5
416,Apple Watch Series 8,Smartwatch,Apple,349,15,4.6
417,Apple Watch Ultra,Smartwatch,Apple,699,8,4.7
418,Apple Watch Ultra 2,Smartwatch,Apple,799,10,4.9
419,Galaxy Watch 4,Smartwatch,Samsung,199,20,4.3
420,Galaxy Watch 5,Smartwatch,Samsung,249,20,4.4
421,Galaxy Watch 6,Smartwatch,Samsung,299,25,4.6
422,Galaxy Watch 6 Classic,Smartwatch,Samsung,349,15,4.7
423,Galaxy Watch 7,Smartwatch,Samsung,349,18,4.8
424,Pixel Watch,Smartwatch,Google,249,15,4.4
425,Pixel Watch 2,Smartwatch,Google,299,15,4.6
426,Pixel Watch 3,Smartwatch,Google,349,12,4.8
427,Huawei Watch GT 3,Smartwatch,Huawei,199,20,4.4
428,Huawei Watch GT 4,Smartwatch,Huawei,249,18,4.6
429,Huawei Watch GT 5,Smartwatch,Huawei,299,15,4.7
430,Garmin Venu 2,Smartwatch,Garmin,349,10,4.6
431,Garmin Venu 3,Smartwatch,Garmin,449,8,4.8
432,Garmin Forerunner 255,Smartwatch,Garmin,299,12,4.7
433,Garmin Fenix 7,Smartwatch,Garmin,699,6,4.8
434,Sony WH-1000XM3,Headphones,Sony,199,20,4.5
435,Sony WH-1000XM4,Headphones,Sony,249,25,4.7
436,Sony WH-1000XM5,Headphones,Sony,349,20,4.8
437,Sony WH-1000XM6,Headphones,Sony,399,15,4.9
438,Sony WH-CH710N,Headphones,Sony,129,30,4.3
439,Sony WH-CH720N,Headphones,Sony,149,30,4.5
440,Bose QuietComfort 35,Headphones,Bose,199,15,4.5
441,Bose QuietComfort 45,Headphones,Bose,249,18,4.6
442,JBL Tune 510BT,Headphones,JBL,49,40,4.2
443,JBL Tune 660NC,Headphones,JBL,89,35,4.3
444,JBL Tune 760NC,Headphones,JBL,99,30,4.4
445,JBL Live 660NC,Headphones,JBL,149,25,4.5
446,JBL Tour One M2,Headphones,JBL,299,15,4.7
447,AirPods 2,Earbuds,Apple,129,40,4.4
448,AirPods 3,Earbuds,Apple,169,35,4.6
449,AirPods 4,Earbuds,Apple,179,30,4.7
450,AirPods Pro,Earbuds,Apple,199,25,4.7
451,AirPods Pro 2,Earbuds,Apple,249,30,4.8
452,Galaxy Buds,Earbuds,Samsung,99,30,4.3
453,Galaxy Buds Plus,Earbuds,Samsung,119,25,4.4
454,Galaxy Buds 2,Earbuds,Samsung,99,35,4.4
455,Galaxy Buds 2 Pro,Earbuds,Samsung,149,30,4.6
456,Galaxy Buds 3,Earbuds,Samsung,179,25,4.7
457,Galaxy Buds 3 Pro,Earbuds,Samsung,249,20,4.8
458,Sony WF-1000XM3,Earbuds,Sony,149,18,4.4
459,Sony WF-1000XM4,Earbuds,Sony,199,20,4.6
460,Sony WF-1000XM5,Earbuds,Sony,299,15,4.8
461,Pixel Buds A,Earbuds,Google,99,25,4.3
462,Pixel Buds Pro,Earbuds,Google,199,18,4.6
463,Pixel Buds Pro 2,Earbuds,Google,229,15,4.8
464,Beats Studio Buds,Earbuds,Beats,149,25,4.5
465,Beats Studio Buds Plus,Earbuds,Beats,169,20,4.6
466,Beats Fit Pro,Earbuds,Beats,199,18,4.7
467,Apple Magic Mouse,Accessories,Apple,79,30,4.6
468,Apple Magic Keyboard,Accessories,Apple,99,25,4.7
469,MagSafe Battery Pack,Accessories,Apple,99,25,4.4
470,Samsung 25W Charger,Accessories,Samsung,29,50,4.5
471,Samsung 45W Charger,Accessories,Samsung,49,45,4.6
472,Samsung Wireless Charger,Accessories,Samsung,59,35,4.5
473,Samsung SmartTag 2,Accessories,Samsung,29,40,4.4
474,Logitech MX Master 3S,Accessories,Logitech,99,30,4.8
475,Logitech MX Anywhere 3,Accessories,Logitech,79,25,4.6
476,Logitech K780 Keyboard,Accessories,Logitech,79,30,4.6
477,Logitech G502 Mouse,Accessories,Logitech,69,35,4.7
478,Anker PowerCore 10K,Accessories,Anker,29,50,4.6
479,Anker PowerCore 20K,Accessories,Anker,49,45,4.7
480,Anker 65W Charger,Accessories,Anker,59,40,4.8
481,Anker USB-C Hub,Accessories,Anker,39,35,4.6
482,Anker Power Station,Accessories,Anker,299,10,4.7
483,UGREEN USB-C Hub,Accessories,UGREEN,49,30,4.6
484,UGREEN 100W Charger,Accessories,UGREEN,79,25,4.8
485,UGREEN HDMI Cable,Accessories,UGREEN,19,50,4.5
486,Galaxy S25 Edge,Smartphone,Samsung,1099,14,4.8
487,Galaxy S25 FE,Smartphone,Samsung,699,22,4.6
488,Galaxy S24 FE,Smartphone,Samsung,649,28,4.5
489,Galaxy S23 FE,Smartphone,Samsung,599,25,4.5
490,Galaxy A16,Smartphone,Samsung,179,45,4.2
491,Galaxy A26,Smartphone,Samsung,299,38,4.4
492,Galaxy A36,Smartphone,Samsung,399,32,4.5
493,Galaxy A56,Smartphone,Samsung,499,28,4.6
494,iPhone 17e,Smartphone,Apple,749,18,4.7
495,iPhone 17 Plus,Smartphone,Apple,999,16,4.8
496,iPhone 15e,Smartphone,Apple,699,20,4.6
497,Pixel 9 Pro Fold,Smartphone,Google,1799,6,4.8
498,Pixel 10,Smartphone,Google,799,20,4.8
499,Pixel 10 Pro,Smartphone,Google,999,14,4.9
500,Pixel 10 Pro XL,Smartphone,Google,1199,10,4.9
501,Pixel 10a,Smartphone,Google,499,25,4.7
502,Xiaomi 15T,Smartphone,Xiaomi,599,25,4.7
503,Xiaomi 15T Pro,Smartphone,Xiaomi,799,18,4.8
504,Xiaomi 15 Ultra,Smartphone,Xiaomi,1199,10,4.9
505,Redmi Note 14 Pro 5G,Smartphone,Redmi,399,30,4.6
506,Redmi Note 14 Pro Plus 5G,Smartphone,Redmi,499,22,4.7
507,Redmi A3,Smartphone,Redmi,109,50,4.0
508,Redmi A5,Smartphone,Redmi,129,45,4.1
509,Poco F6 Pro,Smartphone,Poco,549,25,4.7
510,Poco F7,Smartphone,Poco,599,22,4.8
511,Poco X6 Pro,Smartphone,Poco,399,30,4.6
512,Poco X7,Smartphone,Poco,449,28,4.7
513,OnePlus 13T,Smartphone,OnePlus,699,20,4.8
514,OnePlus Ace 3,Smartphone,OnePlus,499,18,4.6
515,OnePlus Ace 5,Smartphone,OnePlus,599,20,4.7
516,OnePlus Nord CE 3,Smartphone,OnePlus,299,30,4.3
517,OnePlus Nord CE 4,Smartphone,OnePlus,349,28,4.5
518,OnePlus Nord CE 5,Smartphone,OnePlus,399,25,4.6
519,OPPO Find N2,Smartphone,OPPO,1299,7,4.5
520,OPPO Find N3,Smartphone,OPPO,1599,6,4.7
521,OPPO Find N5,Smartphone,OPPO,1699,5,4.8
522,OPPO Find X8,Smartphone,OPPO,899,15,4.8
523,OPPO Find X8 Pro,Smartphone,OPPO,1099,10,4.9
524,OPPO Reno 13 Pro,Smartphone,OPPO,649,18,4.7
525,OPPO A58,Smartphone,OPPO,199,35,4.2
526,OPPO A78,Smartphone,OPPO,249,30,4.3
527,OPPO A98,Smartphone,OPPO,299,25,4.4
528,vivo X200 Pro Mini,Smartphone,vivo,899,12,4.8
529,vivo X200 Ultra,Smartphone,vivo,1199,8,4.9
530,vivo V50,Smartphone,vivo,499,25,4.6
531,vivo V50 Pro,Smartphone,vivo,599,18,4.7
532,vivo Y22,Smartphone,vivo,179,35,4.1
533,vivo Y27,Smartphone,vivo,199,32,4.2
534,vivo Y36,Smartphone,vivo,229,30,4.3
535,vivo Y100,Smartphone,vivo,299,28,4.4
536,Honor Magic V2,Smartphone,Honor,1599,6,4.7
537,Honor Magic V3,Smartphone,Honor,1699,6,4.8
538,Honor Magic V5,Smartphone,Honor,1799,5,4.9
539,Honor X8,Smartphone,Honor,199,30,4.2
540,Honor X9,Smartphone,Honor,249,28,4.3
541,Honor X9b,Smartphone,Honor,349,25,4.5
542,Honor X50,Smartphone,Honor,299,35,4.4
543,Honor X60,Smartphone,Honor,329,30,4.5
544,Motorola Razr 2022,Smartphone,Motorola,699,10,4.3
545,Motorola Razr 40 Ultra,Smartphone,Motorola,899,10,4.6
546,Motorola Razr 50 Ultra,Smartphone,Motorola,999,8,4.8
547,Motorola Edge 30 Fusion,Smartphone,Motorola,499,15,4.4
548,Motorola Edge 40 Neo,Smartphone,Motorola,399,22,4.5
549,Motorola Edge 50 Fusion,Smartphone,Motorola,449,20,4.5
550,Motorola Edge 50 Pro,Smartphone,Motorola,599,18,4.7
551,Motorola ThinkPhone,Smartphone,Motorola,699,12,4.5
552,Sony Xperia 1 VII,Smartphone,Sony,1399,6,4.8
553,Sony Xperia 5 II,Smartphone,Sony,599,8,4.1
554,Sony Xperia 10 VII,Smartphone,Sony,499,15,4.4
555,Sony Xperia Pro-I,Smartphone,Sony,1199,5,4.5
556,ASUS ROG Phone 9 Pro,Smartphone,ASUS,1299,7,4.9
557,ASUS ROG Phone 8 Pro,Smartphone,ASUS,1199,8,4.8
558,ASUS Zenfone 11 Ultra,Smartphone,ASUS,999,10,4.8
559,ASUS Zenfone 12 Ultra,Smartphone,ASUS,1099,8,4.9
560,Tecno Phantom V Fold2,Smartphone,Tecno,999,7,4.6
561,Tecno Phantom V Flip2,Smartphone,Tecno,699,10,4.5
562,Tecno Camon 40,Smartphone,Tecno,299,30,4.5
563,Tecno Camon 40 Pro,Smartphone,Tecno,399,25,4.6
564,Infinix Zero 30,Smartphone,Infinix,299,30,4.4
565,Infinix Zero 40,Smartphone,Infinix,349,28,4.5
566,Infinix Note 40 Pro Plus,Smartphone,Infinix,329,25,4.6
567,Infinix GT 30 Pro,Smartphone,Infinix,399,25,4.7
568,ZTE Nubia Z50,Smartphone,ZTE,499,15,4.4
569,Nubia Z60 Ultra,Smartphone,ZTE,699,12,4.7
570,Nubia Z70 Ultra,Smartphone,ZTE,799,10,4.8
571,Nubia RedMagic 8 Pro,Smartphone,ZTE,699,10,4.6
572,Nubia RedMagic 9 Pro,Smartphone,ZTE,799,10,4.8
573,Nubia RedMagic 10 Pro,Smartphone,ZTE,899,8,4.9
574,MacBook Air M4,Laptop,Apple,1099,15,4.9
575,MacBook Pro M4 Pro,Laptop,Apple,1999,10,4.9
576,MacBook Pro M4 Max,Laptop,Apple,3199,5,4.9
577,MacBook Pro M3 Pro,Laptop,Apple,2499,7,4.8
578,Dell Latitude 5440,Laptop,Dell,899,15,4.5
579,Dell Latitude 5540,Laptop,Dell,999,12,4.5
580,Dell Precision 3580,Laptop,Dell,1299,10,4.6
581,Dell Precision 5680,Laptop,Dell,1999,6,4.8
582,Dell G15 Gaming,Laptop,Dell,1099,15,4.6
583,Dell Alienware m16,Laptop,Dell,1899,7,4.8
584,HP ProBook 450,Laptop,HP,799,18,4.4
585,HP EliteBook 840,Laptop,HP,1199,12,4.6
586,HP Omen 16,Laptop,HP,1299,10,4.7
587,HP Victus 15,Laptop,HP,899,15,4.6
588,HP Victus 16,Laptop,HP,999,12,4.7
589,HP Dragonfly,Laptop,HP,1599,6,4.7
590,Lenovo ThinkPad X1 Carbon,Laptop,Lenovo,1499,10,4.8
591,Lenovo ThinkPad X1 Yoga,Laptop,Lenovo,1599,8,4.7
592,Lenovo Yoga Slim 7,Laptop,Lenovo,899,15,4.6
593,Lenovo Yoga Pro 7,Laptop,Lenovo,1199,10,4.7
594,Lenovo LOQ 15,Laptop,Lenovo,999,15,4.6
595,Lenovo Legion Slim 5,Laptop,Lenovo,1299,12,4.7
596,ASUS TUF Gaming A15,Laptop,ASUS,999,15,4.6
597,ASUS TUF Gaming A16,Laptop,ASUS,1099,12,4.7
598,ASUS ROG Zephyrus G14,Laptop,ASUS,1599,8,4.9
599,ASUS ROG Zephyrus G16,Laptop,ASUS,1899,7,4.9
600,ASUS ProArt Studiobook,Laptop,ASUS,1999,5,4.8
601,Acer Aspire 3,Laptop,Acer,399,30,4.1
602,Acer Aspire 5,Laptop,Acer,499,28,4.3
603,Acer Swift Go 14,Laptop,Acer,749,20,4.5
604,Acer Swift Go 16,Laptop,Acer,849,18,4.6
605,Acer Predator Triton,Laptop,Acer,1799,6,4.8
606,Acer Predator Helios Neo,Laptop,Acer,1299,10,4.7
607,MSI Modern 14,Laptop,MSI,699,20,4.3
608,MSI Katana 15,Laptop,MSI,999,15,4.6
609,MSI Cyborg 15,Laptop,MSI,899,15,4.5
610,MSI Raider GE68,Laptop,MSI,1999,6,4.8
611,MSI Titan 18,Laptop,MSI,3999,4,4.9
612,Razer Blade 14,Laptop,Razer,1999,6,4.8
613,Razer Blade 15,Laptop,Razer,2499,5,4.9
614,Razer Blade 16,Laptop,Razer,2999,5,4.9
615,Razer Blade 18,Laptop,Razer,3499,4,4.9
616,Microsoft Surface Laptop 5,Laptop,Microsoft,999,12,4.5
617,Surface Laptop 7,Laptop,Microsoft,1199,10,4.7
618,Surface Pro 9,Tablet,Microsoft,999,12,4.6
619,Surface Pro 10,Tablet,Microsoft,1099,10,4.7
620,Surface Pro 11,Tablet,Microsoft,1199,8,4.8
621,Galaxy Tab S10 FE,Tablet,Samsung,499,20,4.6
622,Galaxy Tab S10 FE Plus,Tablet,Samsung,649,15,4.7
623,Galaxy Tab Active 5,Tablet,Samsung,649,10,4.5
624,iPad Mini 7,Tablet,Apple,499,15,4.8
625,iPad Air 11 M3,Tablet,Apple,599,18,4.8
626,iPad Air 13 M3,Tablet,Apple,799,15,4.9
627,iPad Pro 11 M4 2TB,Tablet,Apple,1999,5,4.9
628,iPad Pro 13 M4 2TB,Tablet,Apple,2399,4,4.9
629,OnePlus Pad,Tablet,OnePlus,399,20,4.6
630,OnePlus Pad 2,Tablet,OnePlus,549,15,4.8
631,Xiaomi Pad 6S Pro,Tablet,Xiaomi,699,12,4.8
632,Huawei MatePad 11,Tablet,Huawei,399,15,4.5
633,Huawei MatePad Pro,Tablet,Huawei,699,10,4.7
634,Huawei MatePad 12,Tablet,Huawei,599,12,4.6
635,Amazon Fire HD 8,Tablet,Amazon,99,40,4.1
636,Amazon Fire HD 10 Plus,Tablet,Amazon,179,30,4.3
637,Amazon Fire Max 11,Tablet,Amazon,229,25,4.5
638,Google Pixel Tablet,Tablet,Google,499,15,4.6
639,Lenovo Legion Tab,Tablet,Lenovo,599,12,4.7
640,Lenovo Yoga Tab 13,Tablet,Lenovo,499,10,4.5
641,Apple Watch SE 2,Smartwatch,Apple,249,25,4.6
642,Apple Watch Series 8 GPS,Smartwatch,Apple,349,18,4.6
643,Apple Watch Series 9 GPS,Smartwatch,Apple,399,20,4.8
644,Apple Watch Series 10 GPS,Smartwatch,Apple,449,18,4.8
645,Apple Watch Series 10 Titanium,Smartwatch,Apple,799,8,4.9
646,Galaxy Watch 5 Pro,Smartwatch,Samsung,449,12,4.6
647,Galaxy Watch 6 LTE,Smartwatch,Samsung,349,18,4.7
648,Galaxy Watch 7 LTE,Smartwatch,Samsung,399,15,4.8
649,Galaxy Watch 8,Smartwatch,Samsung,399,18,4.8
650,Galaxy Watch 8 Classic,Smartwatch,Samsung,499,12,4.9
651,Pixel Watch 3 45mm,Smartwatch,Google,399,12,4.8
652,Pixel Watch 3 41mm,Smartwatch,Google,349,15,4.7
653,Garmin Venu 3S,Smartwatch,Garmin,449,8,4.8
654,Garmin Forerunner 965,Smartwatch,Garmin,599,7,4.9
655,Garmin Fenix 8,Smartwatch,Garmin,999,5,4.9
656,Amazfit GTR 4,Smartwatch,Amazfit,199,20,4.5
657,Amazfit Balance,Smartwatch,Amazfit,229,18,4.6
658,Amazfit Active,Smartwatch,Amazfit,149,25,4.4
659,Huawei Watch 4 Pro,Smartwatch,Huawei,549,8,4.7
660,Huawei Watch GT 5 Pro,Smartwatch,Huawei,449,10,4.8
661,Fitbit Versa 4,Smartwatch,Fitbit,199,20,4.4
662,Fitbit Sense 2,Smartwatch,Fitbit,249,15,4.5
663,Fitbit Charge 6,Smartwatch,Fitbit,159,25,4.6
664,Galaxy Buds FE,Earbuds,Samsung,79,40,4.4
665,Galaxy Buds Live,Earbuds,Samsung,99,30,4.3
666,Galaxy Buds Pro,Earbuds,Samsung,149,25,4.5
667,AirPods Max USB-C,Headphones,Apple,549,12,4.8
668,Beats Studio Pro,Headphones,Beats,349,15,4.7
669,Beats Solo 4,Headphones,Beats,199,20,4.6
670,Beats Solo Buds,Earbuds,Beats,79,30,4.3
671,JBL Live 770NC,Headphones,JBL,199,25,4.6
672,JBL Tour One M2,Headphones,JBL,299,18,4.7
673,JBL Tune 770NC,Headphones,JBL,129,30,4.5
674,Bose Noise Cancelling 700,Headphones,Bose,379,10,4.7
675,Bose QuietComfort Ultra Earbuds,Earbuds,Bose,299,15,4.8
676,Sony LinkBuds S,Earbuds,Sony,199,18,4.6
677,Sony LinkBuds Fit,Earbuds,Sony,199,15,4.7
678,Sony ULT Wear,Headphones,Sony,199,20,4.6
679,Sennheiser Momentum 4,Headphones,Sennheiser,349,12,4.8
680,Sennheiser Momentum True Wireless 4,Earbuds,Sennheiser,299,10,4.8
681,Sennheiser HD 660S2,Headphones,Sennheiser,599,6,4.9
682,Anker Soundcore Q30,Headphones,Anker,79,30,4.4
683,Anker Soundcore Q45,Headphones,Anker,149,25,4.6
684,Anker Soundcore Liberty 4,Earbuds,Anker,129,30,4.5
685,Anker Soundcore Liberty 4 NC,Earbuds,Anker,99,35,4.6
686,JBL Flip 6,Speaker,JBL,129,30,4.7
687,JBL Charge 5,Speaker,JBL,179,25,4.8
688,JBL Xtreme 3,Speaker,JBL,349,15,4.7
689,JBL Xtreme 4,Speaker,JBL,399,12,4.8
690,JBL Boombox 3,Speaker,JBL,499,10,4.8
691,Bose SoundLink Flex,Speaker,Bose,149,20,4.7
692,Bose SoundLink Max,Speaker,Bose,399,10,4.8
693,Sony SRS-XB23,Speaker,Sony,99,25,4.4
694,Sony SRS-XE300,Speaker,Sony,149,20,4.5
695,Sony ULT Field 1,Speaker,Sony,149,18,4.6
696,Sony ULT Field 7,Speaker,Sony,499,8,4.8
697,Amazon Echo Dot 5,Smart Speaker,Amazon,49,40,4.5
698,Amazon Echo 4,Smart Speaker,Amazon,99,25,4.6
699,Google Nest Mini,Smart Speaker,Google,49,35,4.4
700,Google Nest Audio,Smart Speaker,Google,99,20,4.6
701,Apple HomePod Mini,Smart Speaker,Apple,99,20,4.7
702,Apple HomePod 2,Smart Speaker,Apple,299,10,4.8
703,Amazon Fire TV Stick,Streaming,Amazon,39,40,4.5
704,Amazon Fire TV Stick 4K,Streaming,Amazon,49,35,4.6
705,Google Chromecast,Streaming,Google,39,30,4.5
706,Apple TV 4K,Streaming,Apple,129,20,4.8
707,Roku Express,Streaming,Roku,29,35,4.4
708,Apple Magic Trackpad,Accessories,Apple,129,20,4.7
709,Apple USB-C Cable,Accessories,Apple,19,50,4.4
710,Apple Thunderbolt Cable,Accessories,Apple,39,35,4.6
711,Samsung USB-C Cable,Accessories,Samsung,15,50,4.4
712,Samsung 65W Charger,Accessories,Samsung,69,35,4.7
713,Google 30W Charger,Accessories,Google,25,40,4.5
714,Google Pixel Stand,Accessories,Google,79,20,4.6
715,Anker 100W Charger,Accessories,Anker,79,30,4.8
716,Anker MagGo Power Bank,Accessories,Anker,89,20,4.7
717,Belkin 3-in-1 Charger,Accessories,Belkin,149,15,4.8
718,Belkin MagSafe Charger,Accessories,Belkin,39,35,4.6
719,Belkin USB-C Hub,Accessories,Belkin,69,25,4.6
720,Spigen iPhone Case,Accessories,Spigen,29,50,4.7
721,Spigen Galaxy Case,Accessories,Spigen,29,45,4.7
722,OtterBox iPhone Case,Accessories,OtterBox,49,35,4.8
723,OtterBox Galaxy Case,Accessories,OtterBox,49,30,4.7
724,SanDisk 128GB,Storage,SanDisk,19,50,4.6
725,SanDisk 256GB,Storage,SanDisk,29,45,4.7
726,SanDisk 512GB,Storage,SanDisk,49,35,4.8
727,SanDisk 1TB SSD,Storage,SanDisk,99,25,4.8
728,Samsung 256GB MicroSD,Storage,Samsung,25,40,4.7
729,Samsung 512GB MicroSD,Storage,Samsung,45,30,4.8
730,WD 1TB SSD,Storage,Western Digital,89,25,4.7
731,WD 2TB SSD,Storage,Western Digital,159,18,4.8
732,Seagate 1TB HDD,Storage,Seagate,49,30,4.5
733,Seagate 2TB HDD,Storage,Seagate,69,25,4.6
734,Canon EOS R50,Camera,Canon,699,10,4.7
735,Canon EOS R10,Camera,Canon,899,8,4.8
736,Canon EOS R7,Camera,Canon,1499,6,4.8
737,Sony Alpha A6400,Camera,Sony,899,8,4.7
738,Sony Alpha A6700,Camera,Sony,1399,6,4.8
739,Sony Alpha A7 IV,Camera,Sony,2499,5,4.9
740,Nikon Z50,Camera,Nikon,849,8,4.6
741,Nikon Z6 II,Camera,Nikon,1599,6,4.8
742,Nikon Z8,Camera,Nikon,3599,4,4.9
743,GoPro Hero 11,Camera,GoPro,399,15,4.7
744,GoPro Hero 12,Camera,GoPro,449,15,4.8
745,GoPro Hero 13,Camera,GoPro,499,12,4.9
746,DJI Osmo Action 4,Camera,DJI,399,12,4.8
747,DJI Osmo Action 5,Camera,DJI,449,10,4.9
748,DJI Pocket 3,Camera,DJI,599,10,4.8
749,DJI Mini 3,Drone,DJI,469,8,4.7
750,DJI Mini 4 Pro,Drone,DJI,759,7,4.9
751,DJI Air 3,Drone,DJI,1099,6,4.8
752,DJI Mavic 3,Drone,DJI,1599,5,4.9
753,PlayStation 5,Console,Sony,499,15,4.8
754,PlayStation 5 Slim,Console,Sony,499,18,4.8
755,PlayStation 5 Pro,Console,Sony,699,10,4.9
756,Xbox Series S,Console,Microsoft,299,20,4.7
757,Xbox Series X,Console,Microsoft,499,15,4.8
758,Nintendo Switch,Console,Nintendo,299,20,4.7
759,Nintendo Switch OLED,Console,Nintendo,349,18,4.8
760,Nintendo Switch Lite,Console,Nintendo,199,25,4.6
761,Steam Deck 256GB,Console,Valve,399,12,4.7
762,Steam Deck OLED,Console,Valve,549,10,4.9
763,Meta Quest 2,VR Headset,Meta,299,15,4.6
764,Meta Quest 3,VR Headset,Meta,499,12,4.8
765,Meta Quest 3S,VR Headset,Meta,299,18,4.7
766,Apple Vision Pro,VR Headset,Apple,3499,4,4.8
767,Meta Quest Pro,VR Headset,Meta,999,6,4.5
768,Keychron K2,Keyboard,Keychron,89,20,4.7
769,Keychron K8,Keyboard,Keychron,99,18,4.8
770,Razer BlackWidow V3,Keyboard,Razer,139,15,4.7
771,Razer Huntsman V3,Keyboard,Razer,199,12,4.8
772,Corsair K70,Keyboard,Corsair,169,15,4.7
773,Logitech G Pro Keyboard,Keyboard,Logitech,149,18,4.8
774,Logitech G Pro X Superlight,Mouse,Logitech,159,15,4.9
775,Razer DeathAdder V3,Mouse,Razer,69,25,4.8
776,Razer Viper V3 Pro,Mouse,Razer,159,15,4.9
777,Corsair Dark Core RGB,Mouse,Corsair,99,20,4.6
778,Logitech G305,Mouse,Logitech,49,35,4.7
779,Logitech G502 X,Mouse,Logitech,139,20,4.8
780,Razer BlackShark V2,Headphones,Razer,99,20,4.7
781,Razer BlackShark V2 Pro,Headphones,Razer,179,15,4.8
782,Corsair HS80,Headphones,Corsair,149,18,4.7
783,SteelSeries Arctis Nova 7,Headphones,SteelSeries,179,15,4.8
784,iPhone 16e 128GB,Smartphone,Apple,699,25,4.6
785,iPhone 16e 256GB,Smartphone,Apple,799,18,4.7
786,iPhone 16 128GB,Smartphone,Apple,899,30,4.8
787,iPhone 16 256GB,Smartphone,Apple,999,22,4.8
788,iPhone 16 Pro 128GB,Smartphone,Apple,1099,18,4.9
789,iPhone 16 Pro 256GB,Smartphone,Apple,1199,15,4.9
790,iPhone 16 Pro 512GB,Smartphone,Apple,1399,10,4.9
791,iPhone 16 Pro Max 256GB,Smartphone,Apple,1299,12,4.9
792,iPhone 16 Pro Max 512GB,Smartphone,Apple,1499,8,4.9
793,iPhone 16 Pro Max 1TB,Smartphone,Apple,1699,5,4.9
794,Galaxy S24 128GB,Smartphone,Samsung,699,30,4.6
795,Galaxy S24 256GB,Smartphone,Samsung,749,25,4.7
796,Galaxy S24 Plus 256GB,Smartphone,Samsung,849,20,4.7
797,Galaxy S24 Plus 512GB,Smartphone,Samsung,949,15,4.8
798,Galaxy S24 Ultra 256GB,Smartphone,Samsung,1199,15,4.8
799,Galaxy S24 Ultra 512GB,Smartphone,Samsung,1299,12,4.9
800,Galaxy S24 Ultra 1TB,Smartphone,Samsung,1499,6,4.9
801,Galaxy S25 128GB,Smartphone,Samsung,799,25,4.7
802,Galaxy S25 256GB,Smartphone,Samsung,849,20,4.8
803,Galaxy S25 Ultra 256GB,Smartphone,Samsung,1299,15,4.9
804,Galaxy S25 Ultra 512GB,Smartphone,Samsung,1399,10,4.9
805,Galaxy S25 Ultra 1TB,Smartphone,Samsung,1599,5,4.9
806,Pixel 9 128GB,Smartphone,Google,799,22,4.7
807,Pixel 9 256GB,Smartphone,Google,899,18,4.8
808,Pixel 9 Pro 128GB,Smartphone,Google,999,15,4.8
809,Pixel 9 Pro 256GB,Smartphone,Google,1099,12,4.9
810,Pixel 9 Pro XL 256GB,Smartphone,Google,1199,10,4.9
811,Pixel 9 Pro XL 512GB,Smartphone,Google,1299,7,4.9
812,Xiaomi 14 256GB,Smartphone,Xiaomi,699,25,4.7
813,Xiaomi 14 512GB,Smartphone,Xiaomi,799,18,4.8
814,Xiaomi 14 Ultra 512GB,Smartphone,Xiaomi,1099,10,4.9
815,Xiaomi 15 256GB,Smartphone,Xiaomi,699,25,4.7
816,Xiaomi 15 512GB,Smartphone,Xiaomi,799,18,4.8
817,Xiaomi 15 Ultra 512GB,Smartphone,Xiaomi,1199,10,4.9
818,Redmi Note 13 128GB,Smartphone,Redmi,249,40,4.4
819,Redmi Note 13 256GB,Smartphone,Redmi,299,35,4.5
820,Redmi Note 14 128GB,Smartphone,Redmi,279,40,4.4
821,Redmi Note 14 256GB,Smartphone,Redmi,329,30,4.5
822,OnePlus 12 256GB,Smartphone,OnePlus,799,20,4.8
823,OnePlus 12 512GB,Smartphone,OnePlus,899,15,4.8
824,OnePlus 13 256GB,Smartphone,OnePlus,899,18,4.8
825,OnePlus 13 512GB,Smartphone,OnePlus,999,12,4.9
826,OPPO Find X8 256GB,Smartphone,OPPO,899,15,4.7
827,OPPO Find X8 Pro 512GB,Smartphone,OPPO,1099,10,4.9
828,vivo X100 Pro 512GB,Smartphone,vivo,999,10,4.8
829,vivo X200 Pro 512GB,Smartphone,vivo,1099,8,4.9
830,Honor Magic 7 Pro 512GB,Smartphone,Honor,1099,10,4.9
831,Motorola Edge 50 Ultra 512GB,Smartphone,Motorola,799,12,4.8
832,ASUS ROG Phone 9 Pro 512GB,Smartphone,ASUS,1299,7,4.9
833,Tecno Phantom V Fold2 512GB,Smartphone,Tecno,999,6,4.6
834,MacBook Air M2 256GB,Laptop,Apple,999,20,4.8
835,MacBook Air M2 512GB,Laptop,Apple,1199,15,4.8
836,MacBook Air M3 256GB,Laptop,Apple,1099,18,4.9
837,MacBook Air M3 512GB,Laptop,Apple,1299,12,4.9
838,MacBook Air M4 256GB,Laptop,Apple,1099,20,4.9
839,MacBook Air M4 512GB,Laptop,Apple,1299,15,4.9
840,MacBook Pro M4 512GB,Laptop,Apple,1999,10,4.9
841,MacBook Pro M4 1TB,Laptop,Apple,2399,7,4.9
842,Dell XPS 13 Core i7,Laptop,Dell,1299,12,4.7
843,Dell XPS 15 Core i7,Laptop,Dell,1599,10,4.8
844,Dell XPS 17 Core i9,Laptop,Dell,2199,6,4.9
845,Dell Inspiron 14,Laptop,Dell,649,20,4.3
846,Dell Inspiron 16 Plus,Laptop,Dell,899,15,4.5
847,Dell G16 Gaming,Laptop,Dell,1499,8,4.8
848,HP Pavilion Aero,Laptop,HP,749,18,4.5
849,HP Envy x360,Laptop,HP,999,15,4.6
850,HP Spectre x360 14,Laptop,HP,1399,8,4.8
851,HP Omen 17,Laptop,HP,1599,7,4.8
852,HP Victus 16 RTX,Laptop,HP,1099,12,4.7
853,Lenovo IdeaPad Slim 3,Laptop,Lenovo,499,25,4.2
854,Lenovo IdeaPad Slim 5,Laptop,Lenovo,699,20,4.5
855,Lenovo ThinkPad E16,Laptop,Lenovo,849,15,4.6
856,Lenovo ThinkPad T16,Laptop,Lenovo,1399,10,4.8
857,Lenovo Legion 5 Pro,Laptop,Lenovo,1499,10,4.8
858,Lenovo Legion 9,Laptop,Lenovo,2499,5,4.9
859,ASUS VivoBook S15,Laptop,ASUS,799,18,4.5
860,ASUS ZenBook 14 OLED,Laptop,ASUS,1099,12,4.8
861,ASUS ROG Strix G18,Laptop,ASUS,1799,8,4.8
862,ASUS ROG Zephyrus M16,Laptop,ASUS,1999,6,4.9
863,MSI Prestige 14,Laptop,MSI,999,12,4.5
864,MSI Creator Z16,Laptop,MSI,1799,7,4.8
865,MSI Stealth 16,Laptop,MSI,1999,6,4.8
866,MSI Vector 16,Laptop,MSI,1499,8,4.7
867,Acer Aspire Vero,Laptop,Acer,699,15,4.4
868,Acer Swift X,Laptop,Acer,999,12,4.6
869,Acer Predator Helios 16,Laptop,Acer,1699,7,4.8
870,Razer Blade 14 2025,Laptop,Razer,2199,5,4.9
871,Razer Blade 16 2025,Laptop,Razer,2999,4,4.9
872,Microsoft Surface Laptop 7 13,Laptop,Microsoft,999,12,4.7
873,Microsoft Surface Laptop 7 15,Laptop,Microsoft,1199,10,4.8
874,iPad 10 64GB,Tablet,Apple,449,25,4.6
875,iPad 10 256GB,Tablet,Apple,599,18,4.7
876,iPad Air M2 128GB,Tablet,Apple,599,20,4.8
877,iPad Air M2 256GB,Tablet,Apple,699,15,4.8
878,iPad Pro M4 256GB,Tablet,Apple,999,12,4.9
879,iPad Pro M4 512GB,Tablet,Apple,1199,10,4.9
880,iPad Pro M4 1TB,Tablet,Apple,1599,6,4.9
881,Galaxy Tab S9 128GB,Tablet,Samsung,699,18,4.7
882,Galaxy Tab S9 256GB,Tablet,Samsung,799,15,4.8
883,Galaxy Tab S9 Ultra 256GB,Tablet,Samsung,1199,8,4.9
884,Galaxy Tab S10 Plus 256GB,Tablet,Samsung,999,12,4.8
885,Galaxy Tab S10 Ultra 512GB,Tablet,Samsung,1399,7,4.9
886,Xiaomi Pad 7 128GB,Tablet,Xiaomi,549,20,4.7
887,Xiaomi Pad 7 256GB,Tablet,Xiaomi,649,15,4.8
888,OnePlus Pad 2 256GB,Tablet,OnePlus,549,15,4.8
889,Lenovo Tab P12 Pro,Tablet,Lenovo,599,12,4.6
890,Google Pixel Tablet 128GB,Tablet,Google,499,15,4.6
891,Google Pixel Tablet 256GB,Tablet,Google,599,10,4.7
892,Apple Watch SE 2 40mm,Smartwatch,Apple,249,25,4.6
893,Apple Watch SE 2 44mm,Smartwatch,Apple,279,20,4.6
894,Apple Watch Series 10 42mm,Smartwatch,Apple,399,18,4.8
895,Apple Watch Series 10 46mm,Smartwatch,Apple,429,15,4.9
896,Apple Watch Ultra 2 Titanium,Smartwatch,Apple,799,8,4.9
897,Galaxy Watch 7 40mm,Smartwatch,Samsung,299,20,4.7
898,Galaxy Watch 7 44mm,Smartwatch,Samsung,349,18,4.8
899,Galaxy Watch Ultra LTE,Smartwatch,Samsung,649,8,4.9
900,Pixel Watch 3 41mm LTE,Smartwatch,Google,399,10,4.8
901,Pixel Watch 3 45mm LTE,Smartwatch,Google,449,8,4.9
902,Garmin Venu 3,Smartwatch,Garmin,449,10,4.8
903,Garmin Fenix 8 AMOLED,Smartwatch,Garmin,1099,5,4.9
904,AirPods 4 ANC,Earbuds,Apple,179,30,4.8
905,AirPods Pro 2 USB-C,Earbuds,Apple,249,25,4.9
906,Galaxy Buds 3 ANC,Earbuds,Samsung,179,25,4.7
907,Galaxy Buds 3 Pro ANC,Earbuds,Samsung,249,20,4.9
908,Pixel Buds Pro 2,Earbuds,Google,229,18,4.8
909,Sony WF-1000XM5,Earbuds,Sony,299,15,4.9
910,Bose QuietComfort Ultra,Earbuds,Bose,299,12,4.8
911,JBL Live Pro 2,Earbuds,JBL,149,25,4.6
912,Nothing Ear,Earbuds,Nothing,149,20,4.7
913,Nothing Ear 2,Earbuds,Nothing,129,22,4.6
914,Sony WH-1000XM5 Black,Headphones,Sony,349,20,4.9
915,Sony WH-1000XM5 Silver,Headphones,Sony,349,15,4.8
916,Bose QuietComfort Ultra,Headphones,Bose,429,12,4.9
917,Sennheiser Momentum 4,Headphones,Sennheiser,349,15,4.8
918,Beats Studio Pro,Headphones,Beats,349,15,4.8
919,Anker Soundcore Space Q45,Headphones,Anker,149,25,4.6
920,Anker Soundcore Life Q30,Headphones,Anker,79,30,4.4
921,JBL Xtreme 4,Speaker,JBL,399,12,4.9
922,Sony ULT Field 1,Speaker,Sony,149,20,4.6
923,Apple HomePod Mini,Smart Speaker,Apple,99,25,4.7
924,Apple TV 4K 128GB,Streaming,Apple,149,15,4.8
925,Fire TV Stick 4K Max,Streaming,Amazon,59,30,4.7
926,Chromecast 4K,Streaming,Google,49,25,4.6
927,Roku Streaming Stick 4K,Streaming,Roku,49,20,4.6
928,Anker 20K Power Bank,Accessories,Anker,49,40,4.7
929,Anker 27K Power Bank,Accessories,Anker,99,25,4.8
930,Anker 65W GaN Charger,Accessories,Anker,59,35,4.8
931,Anker 100W GaN Charger,Accessories,Anker,79,30,4.9
932,Belkin 3-in-1 MagSafe Charger,Accessories,Belkin,149,15,4.8
933,Belkin BoostCharge Pro,Accessories,Belkin,99,20,4.7
934,Spigen Ultra Hybrid Case,Accessories,Spigen,29,50,4.7
935,Spigen Tough Armor Case,Accessories,Spigen,35,45,4.8
936,OtterBox Defender Case,Accessories,OtterBox,49,35,4.8
937,Logitech MX Keys,Keyboard,Logitech,99,25,4.8
938,Logitech MX Keys Mini,Keyboard,Logitech,89,30,4.7
939,Logitech G915,Keyboard,Logitech,229,15,4.8
940,Razer BlackWidow V4,Keyboard,Razer,179,18,4.8
941,Razer Huntsman V3 Pro,Keyboard,Razer,199,12,4.9
942,Corsair K70 RGB,Keyboard,Corsair,169,15,4.8
943,Keychron K2 Pro,Keyboard,Keychron,99,20,4.8
944,Keychron Q1,Keyboard,Keychron,179,12,4.9
945,Logitech G502 X Plus,Mouse,Logitech,159,20,4.9
946,Logitech G Pro X Superlight 2,Mouse,Logitech,159,15,4.9
947,Razer DeathAdder V3 Pro,Mouse,Razer,149,20,4.9
948,Corsair M65 RGB,Mouse,Corsair,89,20,4.7
949,SteelSeries Rival 5,Mouse,SteelSeries,69,25,4.6
950,SanDisk Extreme 256GB,Storage,SanDisk,29,40,4.8
951,SanDisk Extreme 512GB,Storage,SanDisk,49,30,4.8
952,SanDisk Extreme 1TB,Storage,SanDisk,99,20,4.9
953,Samsung T7 1TB,Storage,Samsung,89,25,4.8
954,Samsung T7 2TB,Storage,Samsung,159,18,4.9
955,WD My Passport 2TB,Storage,Western Digital,79,25,4.7
956,WD Black SN850X 1TB,Storage,Western Digital,99,20,4.9
957,Seagate Portable 2TB,Storage,Seagate,69,30,4.7
958,Canon EOS R50 Kit,Camera,Canon,799,10,4.8
959,Canon EOS R10 Kit,Camera,Canon,999,8,4.8
960,Sony A6700 Kit,Camera,Sony,1599,6,4.9
961,Sony A7 IV Kit,Camera,Sony,2699,5,4.9
962,Nikon Z50 II,Camera,Nikon,999,8,4.8
963,Nikon Z6 III,Camera,Nikon,2499,5,4.9
964,GoPro Hero 12 Black,Camera,GoPro,449,15,4.8
965,GoPro Hero 13 Black,Camera,GoPro,499,12,4.9
966,DJI Osmo Pocket 3,Camera,DJI,599,10,4.9
967,DJI Action 5 Pro,Camera,DJI,449,10,4.9
968,DJI Mini 4 Pro,Drone,DJI,759,8,4.9
969,DJI Air 3S,Drone,DJI,1099,6,4.9
970,iPhone 15 128GB,Smartphone,Apple,699,25,4.7
971,iPhone 15 256GB,Smartphone,Apple,799,20,4.8
972,iPhone 15 Plus 128GB,Smartphone,Apple,799,18,4.7
973,iPhone 15 Plus 256GB,Smartphone,Apple,899,15,4.8
974,iPhone 15 Pro 128GB,Smartphone,Apple,999,12,4.8
975,iPhone 15 Pro 256GB,Smartphone,Apple,1099,10,4.9
976,iPhone 15 Pro Max 256GB,Smartphone,Apple,1199,10,4.9
977,iPhone 15 Pro Max 512GB,Smartphone,Apple,1399,7,4.9
978,iPhone 15 Pro Max 1TB,Smartphone,Apple,1599,4,4.9
979,iPhone 14 128GB,Smartphone,Apple,599,30,4.6
980,iPhone 14 256GB,Smartphone,Apple,699,22,4.7
981,iPhone 14 Plus 128GB,Smartphone,Apple,699,20,4.6
982,iPhone 14 Plus 256GB,Smartphone,Apple,799,15,4.7
983,iPhone 14 Pro 128GB,Smartphone,Apple,899,12,4.7
984,iPhone 14 Pro 256GB,Smartphone,Apple,999,10,4.8
985,iPhone 14 Pro Max 256GB,Smartphone,Apple,1099,9,4.8
986,iPhone 14 Pro Max 512GB,Smartphone,Apple,1299,6,4.9
987,iPhone 13 128GB,Smartphone,Apple,499,35,4.5
988,iPhone 13 256GB,Smartphone,Apple,599,25,4.6
989,iPhone 13 Pro 256GB,Smartphone,Apple,699,18,4.7
990,iPhone 13 Pro Max 256GB,Smartphone,Apple,799,15,4.8
991,iPhone 13 Pro Max 512GB,Smartphone,Apple,899,10,4.8
992,iPhone 12 64GB,Smartphone,Apple,399,30,4.4
993,iPhone 12 128GB,Smartphone,Apple,449,25,4.5
994,iPhone 12 256GB,Smartphone,Apple,549,20,4.6
995,iPhone 12 Pro 128GB,Smartphone,Apple,599,15,4.6
996,iPhone 12 Pro 256GB,Smartphone,Apple,649,12,4.7
997,iPhone 12 Pro Max 256GB,Smartphone,Apple,699,10,4.7
998,iPhone SE 2022 64GB,Smartphone,Apple,349,25,4.4
999,iPhone SE 2022 128GB,Smartphone,Apple,399,20,4.5
1000,Galaxy S23 128GB,Smartphone,Samsung,599,25,4.6
1001,Galaxy S23 256GB,Smartphone,Samsung,649,20,4.7
1002,Galaxy S23 Plus 256GB,Smartphone,Samsung,749,18,4.7
1003,Galaxy S23 Plus 512GB,Smartphone,Samsung,849,12,4.8
1004,Galaxy S23 Ultra 256GB,Smartphone,Samsung,999,15,4.8
1005,Galaxy S23 Ultra 512GB,Smartphone,Samsung,1099,10,4.9
1006,Galaxy S23 Ultra 1TB,Smartphone,Samsung,1299,5,4.9
1007,Galaxy S22 128GB,Smartphone,Samsung,449,30,4.5
1008,Galaxy S22 256GB,Smartphone,Samsung,499,25,4.6
1009,Galaxy S22 Plus 128GB,Smartphone,Samsung,549,18,4.6
1010,Galaxy S22 Plus 256GB,Smartphone,Samsung,599,15,4.7
1011,Galaxy S22 Ultra 128GB,Smartphone,Samsung,699,12,4.7
1012,Galaxy S22 Ultra 256GB,Smartphone,Samsung,749,10,4.8
1013,Galaxy S21 FE 128GB,Smartphone,Samsung,399,30,4.5
1014,Galaxy S21 FE 256GB,Smartphone,Samsung,449,20,4.6
1015,Galaxy S21 128GB,Smartphone,Samsung,349,25,4.4
1016,Galaxy S21 Plus 128GB,Smartphone,Samsung,449,18,4.5
1017,Galaxy S21 Ultra 256GB,Smartphone,Samsung,549,12,4.7
1018,Galaxy Note 20 Ultra,Smartphone,Samsung,499,10,4.5
1019,Galaxy Z Fold 4,Smartphone,Samsung,1199,8,4.6
1020,Galaxy Z Fold 5,Smartphone,Samsung,1399,7,4.8
1021,Galaxy Z Fold 6,Smartphone,Samsung,1699,6,4.9
1022,Galaxy Z Flip 4,Smartphone,Samsung,699,12,4.5
1023,Galaxy Z Flip 5,Smartphone,Samsung,899,10,4.7
1024,Galaxy Z Flip 6,Smartphone,Samsung,1099,8,4.8
1025,Galaxy A54 128GB,Smartphone,Samsung,349,35,4.4
1026,Galaxy A54 256GB,Smartphone,Samsung,399,28,4.5
1027,Galaxy A34 128GB,Smartphone,Samsung,299,40,4.3
1028,Galaxy A34 256GB,Smartphone,Samsung,349,30,4.4
1029,Galaxy A24 128GB,Smartphone,Samsung,249,35,4.2
1030,Pixel 8 128GB,Smartphone,Google,549,20,4.6
1031,Pixel 8 256GB,Smartphone,Google,649,15,4.7
1032,Pixel 8 Pro 128GB,Smartphone,Google,799,12,4.8
1033,Pixel 8 Pro 256GB,Smartphone,Google,899,10,4.8
1034,Pixel 8 Pro 512GB,Smartphone,Google,999,7,4.9
1035,Pixel 8a 128GB,Smartphone,Google,449,25,4.6
1036,Pixel 8a 256GB,Smartphone,Google,499,20,4.7
1037,Pixel 7 128GB,Smartphone,Google,399,25,4.5
1038,Pixel 7 256GB,Smartphone,Google,449,18,4.6
1039,Pixel 7 Pro 128GB,Smartphone,Google,499,15,4.7
1040,Pixel 7 Pro 256GB,Smartphone,Google,599,10,4.8
1041,Pixel 7a 128GB,Smartphone,Google,349,25,4.5
1042,Pixel 6 128GB,Smartphone,Google,299,20,4.3
1043,Pixel 6 Pro 128GB,Smartphone,Google,399,15,4.5
1044,Pixel 6a 128GB,Smartphone,Google,299,25,4.4
1045,Xiaomi 13 256GB,Smartphone,Xiaomi,549,20,4.6
1046,Xiaomi 13 Pro 256GB,Smartphone,Xiaomi,799,12,4.8
1047,Xiaomi 13 Ultra 512GB,Smartphone,Xiaomi,999,8,4.8
1048,Xiaomi 14 256GB,Smartphone,Xiaomi,699,20,4.7
1049,Xiaomi 14 Pro 512GB,Smartphone,Xiaomi,899,15,4.8
1050,Xiaomi 14 Ultra 512GB,Smartphone,Xiaomi,1099,8,4.9
1051,Xiaomi 12 128GB,Smartphone,Xiaomi,399,25,4.4
1052,Xiaomi 12 Pro 256GB,Smartphone,Xiaomi,499,18,4.6
1053,Xiaomi 12T 128GB,Smartphone,Xiaomi,349,25,4.4
1054,Xiaomi 12T Pro 256GB,Smartphone,Xiaomi,449,18,4.6
1055,Redmi Note 12 128GB,Smartphone,Redmi,199,40,4.2
1056,Redmi Note 12 Pro 128GB,Smartphone,Redmi,249,35,4.4
1057,Redmi Note 12 Pro Plus,Smartphone,Redmi,299,30,4.5
1058,Redmi Note 13 Pro 256GB,Smartphone,Redmi,299,35,4.5
1059,Redmi Note 13 Pro Plus,Smartphone,Redmi,399,25,4.7
1060,Redmi Note 14 Pro 256GB,Smartphone,Redmi,349,30,4.6
1061,Redmi Note 14 Pro Plus,Smartphone,Redmi,449,20,4.7
1062,Poco F5 256GB,Smartphone,Poco,399,25,4.6
1063,Poco F5 Pro 256GB,Smartphone,Poco,499,18,4.7
1064,Poco F6 256GB,Smartphone,Poco,449,22,4.7
1065,Poco F6 Pro 512GB,Smartphone,Poco,549,15,4.8
1066,Poco X5 Pro,Smartphone,Poco,299,30,4.5
1067,Poco X6 256GB,Smartphone,Poco,349,25,4.6
1068,Poco X6 Pro 512GB,Smartphone,Poco,449,20,4.7
1069,Poco X7 Pro,Smartphone,Poco,499,18,4.8
1070,OnePlus 10 Pro,Smartphone,OnePlus,499,15,4.5
1071,OnePlus 11 256GB,Smartphone,OnePlus,599,18,4.7
1072,OnePlus 11 512GB,Smartphone,OnePlus,699,12,4.8
1073,OnePlus 12R 128GB,Smartphone,OnePlus,499,22,4.6
1074,OnePlus 12R 256GB,Smartphone,OnePlus,549,18,4.7
1075,OnePlus 12 512GB,Smartphone,OnePlus,899,12,4.9
1076,OnePlus Nord 2T,Smartphone,OnePlus,299,20,4.4
1077,OnePlus Nord 3,Smartphone,OnePlus,399,25,4.6
1078,OnePlus Nord 4,Smartphone,OnePlus,449,20,4.7
1079,OnePlus Nord CE 2,Smartphone,OnePlus,249,30,4.3
1080,OnePlus Nord CE 3 Lite,Smartphone,OnePlus,229,35,4.3
1081,OnePlus Nord CE 4 Lite,Smartphone,OnePlus,249,30,4.4
1082,OPPO Find X5 Pro,Smartphone,OPPO,699,10,4.5
1083,OPPO Find X6 Pro,Smartphone,OPPO,899,8,4.7
1084,OPPO Find X7 Ultra,Smartphone,OPPO,1099,7,4.8
1085,OPPO Reno 8,Smartphone,OPPO,299,25,4.3
1086,OPPO Reno 10,Smartphone,OPPO,399,22,4.5
1087,OPPO Reno 11,Smartphone,OPPO,449,20,4.6
1088,OPPO Reno 12,Smartphone,OPPO,499,18,4.7
1089,OPPO Reno 13,Smartphone,OPPO,549,15,4.7
1090,vivo X80 Pro,Smartphone,vivo,699,10,4.6
1091,vivo X90 Pro,Smartphone,vivo,799,10,4.7
1092,vivo X100 Pro,Smartphone,vivo,999,10,4.8
1093,vivo X200,Smartphone,vivo,799,12,4.7
1094,vivo X200 Pro,Smartphone,vivo,1099,8,4.9
1095,vivo V27,Smartphone,vivo,299,25,4.4
1096,vivo V29,Smartphone,vivo,399,22,4.5
1097,vivo V30,Smartphone,vivo,449,20,4.6
1098,vivo V40,Smartphone,vivo,499,18,4.7
1099,vivo V50,Smartphone,vivo,549,15,4.8
1100,vivo Y21,Smartphone,vivo,169,40,4.1
1101,vivo Y22,Smartphone,vivo,179,35,4.2
1102,vivo Y27,Smartphone,vivo,199,30,4.3
1103,vivo Y36,Smartphone,vivo,229,28,4.4
1104,vivo Y100,Smartphone,vivo,299,25,4.5
1105,Honor 70,Smartphone,Honor,299,20,4.3
1106,Honor 90,Smartphone,Honor,349,22,4.5
1107,Honor 100,Smartphone,Honor,399,18,4.6
1108,Honor 200,Smartphone,Honor,449,20,4.7
1109,Honor 200 Pro,Smartphone,Honor,549,15,4.8
1110,Honor Magic 5 Pro,Smartphone,Honor,699,10,4.7
1111,Honor Magic 6 Pro,Smartphone,Honor,899,8,4.8
1112,Honor Magic 7 Pro,Smartphone,Honor,1099,8,4.9
1113,Honor X7b,Smartphone,Honor,179,35,4.2
1114,Honor X8b,Smartphone,Honor,229,30,4.3
1115,Honor X50,Smartphone,Honor,299,30,4.4
1116,Honor X60,Smartphone,Honor,329,25,4.5
1117,Motorola Edge 30,Smartphone,Motorola,299,20,4.3
1118,Motorola Edge 40,Smartphone,Motorola,399,18,4.5
1119,Motorola Edge 50 Fusion,Smartphone,Motorola,449,20,4.6
1120,Motorola Edge 50 Pro,Smartphone,Motorola,599,15,4.7
1121,Motorola Edge 50 Ultra,Smartphone,Motorola,799,10,4.8
1122,Motorola Moto G54,Smartphone,Motorola,199,30,4.2
1123,Motorola Moto G84,Smartphone,Motorola,249,25,4.4
1124,Motorola Moto G85,Smartphone,Motorola,299,22,4.5
1125,Motorola Razr 40,Smartphone,Motorola,699,10,4.5
1126,Motorola Razr 40 Ultra,Smartphone,Motorola,899,8,4.7
1127,Motorola Razr 50,Smartphone,Motorola,799,10,4.7
1128,Tecno Camon 20,Smartphone,Tecno,199,30,4.2
1129,Tecno Camon 20 Pro,Smartphone,Tecno,249,25,4.4
1130,Tecno Camon 30,Smartphone,Tecno,249,30,4.4
1131,Tecno Camon 30 Pro,Smartphone,Tecno,349,20,4.6
1132,Tecno Phantom V Fold,Smartphone,Tecno,899,7,4.5
1133,Tecno Phantom V Fold2,Smartphone,Tecno,999,6,4.7
1134,Tecno Phantom V Flip,Smartphone,Tecno,699,8,4.5
1135,Tecno Pova 5,Smartphone,Tecno,199,35,4.3
1136,Tecno Pova 6,Smartphone,Tecno,229,30,4.4
1137,Infinix Note 30,Smartphone,Infinix,179,35,4.2
1138,Infinix Note 40,Smartphone,Infinix,229,30,4.4
1139,Infinix Note 40 Pro,Smartphone,Infinix,279,25,4.5
1140,Infinix Note 40 Pro Plus,Smartphone,Infinix,329,20,4.6
1141,Infinix Zero 30,Smartphone,Infinix,299,25,4.4
1142,Infinix Zero 40,Smartphone,Infinix,349,22,4.6
1143,Infinix GT 10 Pro,Smartphone,Infinix,249,30,4.5
1144,Infinix GT 20 Pro,Smartphone,Infinix,299,25,4.6
1145,Infinix GT 30 Pro,Smartphone,Infinix,399,20,4.7
1146,ASUS Zenfone 9,Smartphone,ASUS,499,10,4.5
1147,ASUS Zenfone 10,Smartphone,ASUS,599,10,4.7
1148,ASUS Zenfone 11 Ultra,Smartphone,ASUS,899,8,4.8
1149,ASUS Zenfone 12 Ultra,Smartphone,ASUS,1099,7,4.9
1150,ASUS ROG Phone 8 Pro,Smartphone,ASUS,1199,7,4.9
1151,ASUS ROG Phone 9 Pro,Smartphone,ASUS,1299,6,4.9
1152,Sony Xperia 1 V,Smartphone,Sony,999,7,4.7
1153,Sony Xperia 1 VI,Smartphone,Sony,1199,6,4.8
1154,Sony Xperia 1 VII,Smartphone,Sony,1399,5,4.9
1155,Sony Xperia 5 IV,Smartphone,Sony,699,8,4.5
1156,Sony Xperia 10 V,Smartphone,Sony,399,15,4.4
1157,Sony Xperia 10 VI,Smartphone,Sony,449,12,4.5
1158,Sony Xperia Pro-I,Smartphone,Sony,1199,5,4.6
1159,MacBook Air M1 256GB,Laptop,Apple,799,20,4.7
1160,MacBook Air M2 256GB,Laptop,Apple,999,18,4.8
1161,MacBook Air M2 512GB,Laptop,Apple,1199,12,4.8
1162,MacBook Pro M3 512GB,Laptop,Apple,1599,10,4.8
1163,MacBook Pro M3 Pro 512GB,Laptop,Apple,1999,8,4.9
1164,MacBook Pro M4 Pro 1TB,Laptop,Apple,2499,7,4.9
1165,MacBook Pro M4 Max 1TB,Laptop,Apple,3199,4,4.9
1166,Dell Inspiron 15,Laptop,Dell,599,25,4.3
1167,Dell Inspiron 16,Laptop,Dell,699,20,4.4
1168,Dell Inspiron 16 Plus,Laptop,Dell,899,15,4.6
1169,Dell XPS 13,Laptop,Dell,1199,12,4.7
1170,Dell XPS 14,Laptop,Dell,1499,10,4.8
1171,Dell XPS 15,Laptop,Dell,1699,8,4.8
1172,Dell XPS 17,Laptop,Dell,2199,5,4.9
1173,Dell Latitude 3440,Laptop,Dell,699,18,4.4
1174,Dell Latitude 5440,Laptop,Dell,899,15,4.6
1175,Dell Latitude 7440,Laptop,Dell,1199,10,4.7
1176,Dell Precision 3580,Laptop,Dell,1299,8,4.7
1177,Dell Precision 5680,Laptop,Dell,1999,5,4.8
1178,Dell G15 Gaming,Laptop,Dell,1099,12,4.7
1179,Dell Alienware m16,Laptop,Dell,1899,6,4.8
1180,Dell Alienware m18,Laptop,Dell,2499,4,4.9
1181,HP Pavilion 14,Laptop,HP,599,25,4.3
1182,HP Pavilion 15,Laptop,HP,649,22,4.4
1183,HP Pavilion Plus 14,Laptop,HP,799,18,4.5
1184,HP Envy 13,Laptop,HP,899,15,4.6
1185,HP Envy x360,Laptop,HP,999,15,4.7
1186,HP Spectre x360 14,Laptop,HP,1399,10,4.8
1187,HP Spectre x360 16,Laptop,HP,1599,7,4.8
1188,HP ProBook 440,Laptop,HP,699,20,4.4
1189,HP ProBook 450,Laptop,HP,799,18,4.5
1190,HP EliteBook 840,Laptop,HP,1199,12,4.7
1191,HP EliteBook 860,Laptop,HP,1299,10,4.7
1192,HP Omen 16,Laptop,HP,1299,10,4.8
1193,Lenovo IdeaPad 3,Laptop,Lenovo,449,30,4.1
1194,Lenovo IdeaPad 5,Laptop,Lenovo,599,25,4.4
1195,Lenovo IdeaPad Slim 3,Laptop,Lenovo,499,28,4.2
1196,Lenovo Yoga Slim 6,Laptop,Lenovo,799,18,4.6
1197,Lenovo Yoga Slim 7,Laptop,Lenovo,899,15,4.7
1198,Lenovo Yoga Pro 7,Laptop,Lenovo,1199,12,4.8
1199,Lenovo ThinkPad E14,Laptop,Lenovo,699,20,4.5
1200,Lenovo ThinkPad E16,Laptop,Lenovo,799,18,4.6
1201,Lenovo ThinkPad T14,Laptop,Lenovo,1199,12,4.8
1202,Lenovo ThinkPad X1 Carbon,Laptop,Lenovo,1499,8,4.9
1203,Lenovo ThinkPad X1 Yoga,Laptop,Lenovo,1599,7,4.8
1204,Lenovo LOQ 16,Laptop,Lenovo,1099,12,4.7
1205,Lenovo Legion 5,Laptop,Lenovo,1199,15,4.7
1206,Lenovo Legion 7,Laptop,Lenovo,1799,8,4.9
1207,Lenovo Legion 9,Laptop,Lenovo,2499,4,4.9
1208,ASUS VivoBook 15,Laptop,ASUS,599,25,4.3
1209,ASUS VivoBook 16,Laptop,ASUS,699,22,4.4
1210,ASUS VivoBook S15,Laptop,ASUS,799,18,4.6
1211,ASUS ZenBook 14,Laptop,ASUS,999,15,4.7
1212,ASUS ZenBook 16,Laptop,ASUS,1299,10,4.8
1213,ASUS TUF Gaming A15,Laptop,ASUS,999,18,4.6
1214,ASUS TUF Gaming A16,Laptop,ASUS,1099,15,4.7
1215,ASUS ROG Strix G16,Laptop,ASUS,1499,10,4.8
1216,Acer Aspire 3,Laptop,Acer,399,35,4.1
1217,Acer Aspire 5,Laptop,Acer,499,30,4.3
1218,Acer Aspire 7,Laptop,Acer,699,25,4.5
1219,Acer Swift 3,Laptop,Acer,599,22,4.4
1220,Acer Swift Go 14,Laptop,Acer,749,20,4.6
1221,Acer Swift X,Laptop,Acer,999,12,4.7
1222,Acer Nitro 5,Laptop,Acer,799,20,4.5
1223,Acer Nitro V15,Laptop,Acer,899,18,4.6
1224,Acer Predator Helios Neo 16,Laptop,Acer,1299,10,4.8
1225,Acer Predator Triton 14,Laptop,Acer,1799,6,4.9
1226,MSI Modern 15,Laptop,MSI,749,18,4.4
1227,MSI Prestige 14,Laptop,MSI,999,15,4.6
1228,MSI Prestige 16,Laptop,MSI,1299,10,4.7
1229,MSI Katana 17,Laptop,MSI,1099,12,4.6
1230,MSI Raider GE68,Laptop,MSI,1999,7,4.8
1231,MSI Raider GE78,Laptop,MSI,2499,5,4.9
1232,MSI Titan 18,Laptop,MSI,3999,3,4.9
1233,Razer Blade 14,Laptop,Razer,1999,6,4.9
1234,Razer Blade 16,Laptop,Razer,2999,4,4.9